status;price;cartID;partnerID;customerID
Charged;26700;90CCF5CE-DEC7-D717-71F9-D478628F601F;F851E323-E4AF-8F66-C95A-32D96A1928E4;ADBF8C19-9348-4B92-194F-C1EF4E6B1E48
Created;74707;12231228-11C7-73BA-77CA-C09DE99225EF;EA8D0629-194B-A396-5555-035789229E8C;EA6E173D-A213-7CE8-F430-91AF48F54132
Created;51913;F7C809A5-B8A1-D32B-5BC9-0F85E25DB5D5;3B9D73F7-DF0C-C658-C436-7A94B791C7DA;38BBB6A7-1BCA-1191-8655-771FF09C213C
Completed;15448;3CE6133D-E02B-87DB-AE10-1220C6FA22DE;3DACC349-ACD3-3252-0C88-7BF9276958D8;B083B053-A5DD-72FE-3AB9-612EB1D48991
Created;22492;0FE7E574-37DB-653B-BB5E-D8148BA00595;CEA8FC61-1557-F862-5E20-071A06CDD21D;15DEE493-68B1-7EB0-DBDF-860784784051
Charged;52576;D14DBC3A-6C56-C175-D968-C34D1A876B0E;9D73D75C-E535-859E-5A79-031284DDAF11;A1543229-1E88-6153-12B2-B159C504F52B
Charged;98450;A064564A-A8B8-C08B-F9CC-C7D924EA1860;67C9BAA3-F0CD-860C-A53A-F5D29ED13FE7;FCA595A7-CDC4-336F-1C51-B71C8ACE49B8
Completed;80426;301A5536-BD6A-DE8C-0A9B-2E3F1EF5E925;1F481510-8B52-AC62-77C8-EE79AA0B04FE;83E03745-2197-2473-E716-26F6183B4A61
Charged;15174;AEDCDCDE-5393-BC81-ECF2-E9DB681DDF7A;D8AC549C-6448-5C9B-3B50-499844D24488;9BD01DDE-EBB0-8A17-EAB6-4B3B345E09EB
Charged;31281;574E172D-591E-1D39-2310-1715539CCB7B;87056942-2C03-9900-2B54-2BA0EB65ACFF;BC9D34E3-DA93-0DD8-8852-240CB3E2ADCE
Created;6185;6FAD05C7-A5C8-14FF-5DA9-C5824DE20F56;7C689339-E8AD-C566-5BCB-6C356007EAE9;A1B2AF5F-C9F9-E349-3FFC-2F567751D65C
Created;60163;17644336-0722-20BA-EFA9-E369A012B7CC;255ADF93-ED45-C7B3-864E-C85249344CCE;9C6369B2-2C32-D328-2AC8-05178A4A1CFF
Completed;53598;542071CC-78DB-8F75-C4B8-443A2FF229E6;E7779BCC-2E0E-6A05-B881-C1E3AAD57A3F;0EF23975-4997-2301-E651-FA1B02EFCBE0
Completed;97676;07504F23-517E-A791-CB02-DCA85FEA916B;5943A7B2-4B9B-CD16-E0CC-A996C5D8D471;887A5974-B721-3038-E5C4-A1E58BFC50B8
Completed;83857;B8B6342B-F894-31E8-58D3-12AAC305113D;7EBE8089-E7C1-6DEE-19CC-C1515F5CA7F9;4D9B7043-4DEA-E837-7D3F-5C1E2F353745
Completed;63519;EC625C1C-E5C0-7527-9D93-491F268F2E63;24653A31-5C26-918F-1134-964319401A1B;F212EB2F-2A42-3641-2ED0-6B9C9C78CD77
Completed;36877;E48B046A-15EA-645F-81DF-05A47BB7F74A;1F435DE2-0A91-E17B-231E-E2706C8DEEAE;12DB2701-8689-299D-5F4C-3908D1AC2433
Completed;81080;4F0042A5-AC9C-8395-35F8-6E03B1401BB2;1AB48ECD-D5AA-E501-1FE7-90FD2CCAA6D8;7C0C27AE-9BB0-A52D-C936-6835FD4C0814
Created;4166;CA6C0D7F-8E90-2980-598D-D9187D6B309C;1CC7EB6D-72E1-3C8B-8248-139FA1439DCE;BF3C5AD0-E22C-97B2-CE7D-9357804710D0
Completed;92380;A72CFE12-9BAE-5A5D-5F6D-2439382FE1FA;A8808C00-1106-53C5-025C-B5CC66BFFBCE;8A7FA4F8-2B61-524D-E922-51AC0A8098EF
Charged;8222;3378D847-CD6F-6CEA-4F48-9CC42A108312;28F3A751-ACAE-9C87-F2C3-8310E24EAA2E;82E797A8-0019-104F-8696-AB53284AC648
Completed;82017;0E587DD1-1A8C-D8F8-9DA3-0BE6B812B6FA;20C076B0-4144-4120-C4E4-FE05D27EA683;F82A4ED0-BBC0-407C-1B0A-08056605DCE6
Completed;69899;1C815F7F-FFAD-A780-4E57-4C137C9DF880;20A1E2C3-054E-DCD4-531B-D1ECC59A2BAF;BF6837F8-6719-A151-78D4-404332D97ED6
Charged;22486;651669B7-73F6-58AD-27C8-053A5113E8C5;F064B1A2-5AB1-DD1B-1711-F14605D1D636;00FA4928-A045-7153-A437-D32C2AB8BBB9
Charged;56586;C426BF2A-102F-F6D1-32D0-0CC1CA79003F;9BE3D955-321C-4B0A-A137-2B6A110E585E;85758801-B9E6-D511-28B7-1F4BBF61C2D2
Created;69411;FD098CA6-2918-A95F-A895-4E0C4FCD7AE8;81DAAA34-614E-0631-C9B8-75FF7E89897E;1F99C5B2-02A0-6008-3899-446DBDBA1D35
Created;71732;D14D8A01-11CE-7FF4-F731-CC5331EEF77A;1EDD3C7A-4739-2452-A507-1F09E4F2E352;02692147-144F-F6E8-CA09-EE731F8CE8D8
Charged;73559;0C9FEAC4-039A-0CAA-2277-3C75F01D6776;74980A28-B222-0EF5-9526-E3E92CD5A73E;5DFA133B-09E8-A513-F0B7-A46475EAEE3F
Created;60637;CC76DE21-F5E9-87BB-8EFE-C0F4DC62EAFD;4F4C6F68-869A-94FB-0EF9-B7251AE0A22A;3C09C371-7CD4-B462-D2B6-FBC568D2B4D0
Charged;50778;236B1C3F-BC3E-46BE-C697-0CFB5FF954E1;735B627C-451D-5976-3451-EFED1B823FF1;FAE55A79-1E95-E88F-1F8C-E3DAD8E6FA8D
Charged;13086;562B1100-4097-C4CC-0D75-06552CE73882;FC331293-3096-3741-C65F-A061DEE02F7A;61ED4ABE-1AEE-8003-D515-9AB79A58ADC2
Completed;14016;5A962C5D-0238-B0DC-9BE2-EBA8D614C005;F13F7E33-9771-38AF-3E1D-8FC4E663C0FD;AE4A98E3-F0F9-41FC-69B8-4FE0F51A4ECC
Created;5288;DCA13444-AE49-90F2-6285-E915B108D0FE;412593E7-93F1-27A2-F633-A2F0C2142A49;7E7C8D07-91E4-2278-BB8B-9F93F2B927BB
Charged;76839;D34D741D-B3F6-B423-A864-466EA8B6CBBE;8206F1D0-C8D2-6905-3136-58556FDE6E09;0063C9C2-28F0-A0BB-93CE-F295148E44D7
Created;72059;2A4A67A5-1B5C-460F-F814-ACC4F47F13C2;62C7FB17-2A5F-464C-AB93-8C76210C7B31;FB1B85E4-7852-78D6-D3EE-40038AC120E8
Created;31954;636FCEF1-4470-30A0-567B-D45B3BAFF7C2;4E5E5B97-DD90-54BB-0E75-B9D1C3BBA37D;8D74A76F-46F8-EB3D-8CC8-49B1261E409A
Charged;20947;06F2D75D-E474-7DDF-D005-F18078032018;1A90A868-5A3B-F947-8091-FB994F1E1423;783190A6-7A0D-E4D4-48D7-A567D0915A25
Charged;52683;B7C2FDEE-AE15-026C-6532-2356B60BCF5C;11D10C48-5077-B7D7-A092-0C0A1754E445;74447EB4-16DF-9D07-2092-F0A7BBCBA5A3
Charged;22503;AB67B681-A36D-E87A-F937-C792792549C5;66314130-9EE8-3524-73B0-61E05B4ECB24;3FF3D909-B2F0-3CAB-EEC3-5A559697B7B2
Completed;23745;AAC7FC62-EF79-136C-D024-256C849D000D;8CC71ED4-EB37-4E04-ACE1-507F53804911;2CDF727D-E686-DB59-8F54-9EFAB060A06B
Created;21132;03F9F738-0D01-C610-C060-56E1FA3EB79F;B5CFBBC5-E098-7B2C-6AB4-DB527BA0B204;EA1CFE1D-E888-2741-AE32-16C9C71843F7
Completed;14445;219023B2-8866-0A37-D9F1-B2BDC2812933;7BD741A3-672A-F945-285D-D9B1B04C4D82;8FF2FC7E-563C-3882-3801-8D63FDAC3373
Created;44299;A82BE9A9-8FD7-D83C-5700-08EB7D46D5E6;F87BF7B7-BFC1-D1F3-187C-B62492776BED;9AB248CD-6F47-7396-6EDE-EBEA85103D8C
Created;60296;69D2A2AA-B710-8093-3ACA-2CB8414EF997;C09A1BCD-0769-18F0-26FD-2C32EBD078E5;D2EFD3A5-D7E3-E866-DD16-E3319E900D0E
Created;65939;FE7B3B02-21F1-B36E-215E-51BDA29A3C77;FCB77E8B-B786-C10D-DFAF-CD8AB6D4C51F;F858623A-5052-EC83-9E18-49E6E45D4A48
Created;92469;6F7FB16A-E13C-309E-BF75-A5CF228B0B02;BEFA9590-D16B-88B9-580F-9F1D40BEC50B;EF34342C-50AC-06CC-7EA1-50F22D70FB35
Charged;77781;CA58830E-BA3C-59D9-C106-84A03C5512F1;E6E1D26D-B406-93D0-D611-6F09B365C111;CBF4AE92-C2C3-8A59-AAF0-1541A131CF2D
Created;24618;053074A6-B684-37D2-BB25-07D9C465D7CD;D1BC6881-AFD0-1AF6-FE97-7AD9B717E63D;324FDCD9-1418-3017-FB0F-FCEDB52BAF58
Charged;52775;AC090FF8-DC56-2808-59E2-058FA0A969A7;2E6AB036-6851-0869-3B3C-AE9671FAB1D2;F79521BC-601C-8059-F04E-093664E5AC9E
Charged;90128;A4B31C4D-B09B-B9D4-DC68-1D16812986D2;4775482A-A42E-0BF4-EE34-9B68EC02B6C0;EA840628-850E-8055-D9AE-57F3159443CB
Charged;31662;3EFBAE95-31BC-CD44-7396-63A6B912BD46;59A23F74-B9B4-3139-A316-7A98A436DDD5;20214473-7DDB-BEEC-1BD6-E89D8DC98005
Created;36569;975AEA42-2379-434D-AC38-235EE547B6D7;2532A2C1-F102-A1FA-CE6D-348967F177FE;B0F490B9-6AAA-76AB-153A-69BF0FAFD8CB
Created;14995;F405676F-47EE-A6A6-4C0C-65B287B7B772;9BEE42D6-A5FE-9211-E214-379A07EF3F94;5E065E1C-3E86-6FF8-8456-5BBC7F9C8384
Charged;14130;F5E64B6C-7141-C852-81F3-3F3535CB4F82;29DA4E05-9651-3435-6C35-CF004BBB7D53;A9F4AA8C-1B9F-1B8C-B5AE-5FEB12BE6070
Completed;34530;1EBD346D-6E50-5FF7-CB8D-946CAE81127D;8D3D98E1-A980-76A3-F934-000F9994E3B0;69562100-2B80-1EDE-C033-609C691A4FE3
Completed;75427;749D1670-0C6A-F167-6AE3-577BFA53C329;C96300E3-BB08-4FCF-FE4C-447820F623CC;E1C840D4-2CBF-4113-2E90-55C7A731664C
Created;5354;FE11C665-185F-7C9C-7678-315AB07BF0D8;A87DE438-C88A-D213-2BF2-859BAC7681AB;61E27847-F809-1631-8811-059DB132CB4A
Charged;83391;0D1ED40C-013A-F21A-FC97-4EA6AAD28BD0;D76C4ABA-3620-228E-40F3-D661B503F7FE;75321D03-2E92-B133-7043-D6527D15A9A1
Completed;40916;B974E49E-B73D-6105-FE3C-DA3BA8E0DFB2;3CE9A335-4CA5-549F-1074-936C759D0F74;C61A4999-A935-C41A-013B-27F7A131A67B
Charged;64859;35806263-01F8-421B-F4F6-5F7849F40AD3;2ECA33CE-BA35-6F51-0954-5257D2DEA72E;53FFCDAD-4648-3C6A-8DB4-C130896656DC
Completed;19270;D5F67262-E007-B18E-7DC9-806B0ECB08DC;035CF868-D112-052E-EA11-8D7E84980B87;668098FC-C8B5-E7D8-6ADF-1C3224D45C4B
Charged;7256;1401A414-331A-5F2A-CF72-5CCCD6A2F4D0;6F54C8E6-3A12-01C0-208A-53B53BB21E07;8BC9B44A-BA33-3640-0610-B4651E682039
Created;66485;D8343321-5564-D707-5786-FA8F12196037;D33BCBA4-2D70-8F17-AA65-54A7EB37C7EF;9ADAF35C-715E-0F7B-1ADC-EEADDAEDBD8C
Charged;77377;2860322E-7F42-167F-C983-52E6FBAF9089;8E1BAA13-B7FD-2F59-38E0-4A75CD2672B8;695447DF-0E13-D2B1-BF70-7EC134FB13EF
Created;73973;BF2E700F-1CF5-EC50-FA62-1577C550AE01;F1E10B4F-33C4-B62E-B8CA-4EF5921949E0;EEABACAB-8278-F654-94C3-92C51AEEA712
Completed;70476;30A98526-B4F5-E12D-E67F-6A0F809EB382;F32305A2-318B-7B46-66DA-46E47FAB9EE4;46117621-F9B9-720E-4F97-A7DAB50E1425
Completed;27593;8A4AEDA7-ECEA-8456-0F31-B67C6767E359;6D57DC77-0C85-285A-A658-B7D08A472ED5;9D6C8F13-7453-78AC-BA15-433BCE1A2CFA
Created;98417;0903D249-B311-4648-BC28-C0AE7ABDC4BE;C7171C42-BDDB-C64B-9E3D-3412FF9EAFBB;8ED19806-877C-4A36-5FA6-66D6010BC3A6
Completed;53627;AD939995-9309-ECDB-6805-89FBE820E616;AC9D98BC-04D9-2606-1666-FF2EBF61E197;4B2E882C-FD7A-2948-ED02-33C243AB289F
Completed;71515;CE072278-DDBB-F4AB-FBC4-15A80B8BE760;C350D6A6-6B75-2378-80E2-FA64AE6C2EF0;A292E100-3834-B753-4C65-10A609E33C89
Completed;85296;55B2E2D1-88AD-3310-5AFF-C0CA6A6298EF;FC64C7B9-6D21-B29D-3708-211A4D257CC7;6DE6A864-0C72-FF22-58C6-347F1881E8E2
Created;66737;1FEF44F9-ED57-C720-6D6A-6AA91F2F7358;B5A7E467-A95A-E928-7C66-5A3884208AD7;856302F0-E487-AABC-7DD7-A8ACC208D417
Created;28608;4F1198DD-331A-A73B-8FCD-ABE0D9513FAD;69451B4F-9FD1-3922-E147-824407AB025E;CEBDCB91-AB4B-6456-79C1-E9E9FA4701B0
Charged;30725;BAF43513-CB72-C12E-FCFF-B36DA94656C8;B19CCC0F-E422-C31A-D5CA-9E6681692A66;83FA7AB7-AF2E-028D-2C65-CA1BDFFB96B0
Created;76900;E5F67DF5-FAD2-9CAC-ED98-828A7ACFB411;D051F3CC-A840-B7E1-8FA7-461BD7506C32;6C148A5D-179D-9D37-0F52-30C42CE3C439
Created;95504;250EBACA-E997-BCA0-5C69-525071D5E506;B79319D9-ACAA-C2A0-F9E9-8EF042B29E7E;92F5144A-A703-F36B-040F-A58CC37E7624
Created;15677;1FD4190C-C60D-45A5-06BE-92233BC978D2;7403DE39-7018-505D-D159-F0F9BFD63BA7;34517AB6-3242-9FD1-18B2-601979F73E3D
Charged;1710;792DCEEE-B713-59AB-7D6E-CD5FC8BB0CA3;67E44D8B-E26D-D122-FE1C-AD4D98D431C8;00209214-65D2-D94F-CEBE-5CC3289E902B
Completed;72288;860F29E0-68AA-535C-931A-5C9C617ECEB1;ECE142C8-DF4D-303E-3BA4-F6BCF25D605B;437DCB32-2B2F-2159-AE6B-E8CFD477E47F
Created;52979;26B76519-3449-9DE5-B9D5-DFCC49ABC370;01AE701C-3B30-D708-9B0A-ACDE793765F4;725D2F92-2014-0DB1-8064-545DBCCCDB5F
Completed;91011;C9B90003-A502-D514-4139-9394D69C1BEE;9B496208-574B-E2DB-72C9-730AB02BE586;CBBB75DB-626F-6321-3915-A131CC2BFEDA
Completed;75952;32058575-1E0F-AA4E-D195-26A06D307646;C40ED4E2-86DC-B7FB-2A77-2DCC31AF4BAD;448971AB-6ED5-C1FA-F864-6124A4EC72A9
Charged;26998;109196CE-A538-1F12-D758-3F936B257D3C;C8F49C44-A1C5-0419-6E87-66D9556CBD02;8D43A5D9-0FA3-4F1F-A3A9-6EC36EE9E9FF
Completed;4946;E60EC01D-146B-657C-D790-2F0CFBF8A099;F741EF0B-444F-7B6B-396F-4201DA2C335F;7EE75452-1A8E-3943-E931-5DFCCD25E30B
Completed;62733;23F57587-C398-E062-2D0F-B5FC30E00660;A5908A9C-935C-530C-3AD8-84E3C4858934;A0EA1190-81F0-8FA7-0CFA-BE5291996A04
Completed;88711;6DAF10A8-7E6D-A57E-3428-A60FC25C5B28;91F9F508-3EC8-4A04-653B-267DAEB5EBD1;BE5AE0C6-E40D-20ED-56C1-9C279AB497E5
Created;82722;4D24ED4C-2541-6DCD-58A6-96360AA96053;E5D225C4-E11E-F3DB-970B-46993C6A6EC1;EB787CBA-8D87-3D81-AEF9-0366A050412E
Completed;24916;D37126B6-F410-52B6-9318-22FE1D9EE0A2;E2D627AD-EE51-E772-A9A8-D0672C34D947;22209448-81FB-F952-3766-89984A6F944F
Created;89221;4938A338-3923-9899-E724-1903A45DDA5A;4162B869-CFB4-1AA7-C566-177B0C319E74;CF0DB706-482C-6A74-BF5C-42D025EA1C79
Charged;17841;5ADEAD3D-979C-BDEF-4A34-575AD83437D0;DBDBB6C2-FE71-3219-A34A-4945494818E6;9C4AE27A-2E36-726E-6BB0-649197B5B664
Completed;14355;693E10B9-0CA4-6498-82FB-AE264DE2EA55;6040465B-E93D-CF36-99D6-E3741F9A5C1C;6F2E751A-796A-AAF8-CBDE-F3E52A1A0207
Created;12284;D04D579D-4CB4-4D6C-946B-B2C83F2815D7;D63688BC-90B0-D3A8-7972-6BAE68CBE738;931EAAA5-1C2A-3119-8F3E-6E5B52E92EBE
Charged;23264;6C7534A7-4508-5641-7E80-47F2DDFA2F4E;D46FB807-D4E3-E80F-7F3B-BD8E9E3519A8;AC97B448-B684-DCB4-6884-3E2FC7DCCD4D
Created;3443;84B07DDC-CB85-64E4-1483-D4C092A7D90C;6EC5561D-BEA1-A291-802A-0B0FDFCA1242;C4F3A064-69AC-5C47-A2CC-908C1D01EBFC
Completed;9614;F713DF26-C5CB-AC09-148C-C4914C7FAD1A;6FE9B9A3-FEA9-6D45-7320-080C643DB044;9F38D3C9-9648-4AC7-23B2-4A02E2053DCF
Completed;48639;43A9D401-2D90-A324-4F58-D2CC84A5FCCC;950FB1A8-5DB5-D91E-76D7-C09001808D9B;0E27F0A5-1919-9145-37D8-6BEA7DE576FD
Created;35008;F9A21396-C498-45D8-B947-50A7C9600E4B;86A69821-9049-5ABC-1053-B29561A726CA;1F70DE8A-8EBB-5187-8703-CE5E7F4E5AEF
Created;62657;0EE32882-7075-8930-E8F1-75EF73E84A4F;1B31D3DE-DDB8-75E3-9E59-21506C528182;48E9A245-4D2F-C215-07A9-3CB39149A1D7
Charged;60046;C60F327F-F390-CC4B-C324-7E8672FDAED1;2ECDA47F-633B-DD2C-EDF8-F1A625BA9FAB;E257F283-40A3-11A9-8B78-F92982EA493B
Created;43371;1BC4E067-E42C-E57B-0E6E-E588E3648EB3;1509EC0E-E18B-0DD6-56EF-B521FAC2B86F;25949D62-C441-9ECD-D62C-C8371F864207
Completed;7381;76AA145B-D35E-8A3A-8E5A-4789605D7D86;B871629F-FF54-D9F8-F25A-42ED9F333C8B;9F5E31AA-1F81-DE59-D5A5-A015EB0D2A49
Charged;18898;E9C89C5C-5936-562F-D19F-EC9BA892345B;06C37A7C-D4B1-0A71-5144-1C555ADB8C17;B344D6F0-4375-E787-07BC-A51F9072622C
Charged;87951;B6DFD59B-E251-8CDF-4218-24E0773C4242;F1FC5DDE-C14E-0501-AEAF-A800276D1E2D;9B6C6E42-1F24-B835-0F5E-9477AF94B285
Completed;43670;D8C45B3A-2046-0890-5C13-2E162DDA1309;F9D92CA0-40D7-EE93-0CB6-DA4FD31B9C1C;F60EE1C8-BEA2-C3CC-4AFB-F4C8C7C2B76E
Completed;32724;330AEC89-C417-3632-B750-989E061EC5E7;35DDCF95-E0D2-F16C-EEE9-E6B63FE1C72F;1D8D6BFC-1989-EB3B-9424-6C4F4FB3FBC1
Created;89444;129B281C-016D-A47F-FDAD-B8A152B53A1E;C91FADD0-DE0D-728E-2E23-701ABC41B65A;A48EB019-EE60-EDB6-D41D-1B4318B4BEB9
Created;50155;EF91B9D8-EC92-B8CC-922C-5BD5CE2C5EA0;728C2D12-B830-5C3E-BEF0-ED120311C3D3;2551AC81-4FCF-9629-83B6-95EE35187AD4
Completed;8034;758DBA53-D61D-C8F5-556E-611A2E05F97B;E729D701-639D-82CC-D405-B6C8D5615813;47ABD062-8CFD-BBB8-6C3C-46E3F71E38C3
Created;63922;D56AC13C-6383-72DA-7249-46DF4885696B;F6FB75D9-3382-97AE-1D1B-EC8C5E22C943;A5E6189C-0556-2C87-882A-7F9E05120B45
Charged;77497;B31702B2-A09B-B01A-AF43-3BB027444E5C;ECB453B5-A858-0ADB-20FD-62D700488165;C8E1AA1B-ACF3-9656-ADE0-3DD617243CDF
Completed;38492;2D5735C6-3734-4EEC-EA6C-312D03769886;CE6FCBC1-687A-AA36-FB3C-F77EC15012B3;549972C7-5DA1-21E2-4191-D35E03FD808F
Completed;16610;895F501E-766F-7E2F-D361-2DBDF1F181E4;9FEBB73C-5AD1-1441-F1D3-9C03FE528523;93BE072A-2ADD-DACC-AB6E-476CB2DF4DD7
Created;77845;762C890B-83E6-6A2C-DAF6-EF066C64C317;399E045A-3A92-8409-A76A-6B0D4E718F91;5DDB95A0-9C3E-F078-8F15-6B8566210451
Created;58793;F02511F7-2116-9120-C279-16C676715CAD;C9FD7EC1-2E17-AB38-732B-78C21E73D23C;BECBA954-ED7F-3D47-6506-EE69B3C693F8
Created;92848;0B070F2B-AEB5-29FB-430D-09816533593E;89B8DE5F-425F-898D-05A7-B0DBB3CD197F;9E7F7DEA-DA8D-1655-5D60-6E0FECD65F89
Charged;99501;20EF3720-4A11-76E2-E8EB-980BFA3425FD;2C15ED93-04C1-70AC-28F5-D19D03D4B7C1;BECF1889-332D-C6DE-215C-5C89EEEBC685
Charged;48238;1848CEB9-346D-46D6-0072-0D5D85798651;76B1F683-079F-09E2-56F4-8D7EBD1E4E32;147812B5-DA66-4493-A728-FF04756D579D
Charged;73976;67785B73-66C9-5CF2-189F-66FE501708BE;91C81337-39C1-1878-C3B7-0E292AFD0BC0;C42B28DE-3556-406F-680B-4FF12EBB1A62
Completed;25083;7C6C6D23-E34D-EB88-3AB6-543EBF63CB76;6B19C55C-371A-528A-D541-3FA23F8CBB4C;3A3F31CC-7E5B-4543-A310-08B37C3DF096
Charged;27367;D97B9CF9-785F-7966-6E20-21BA9BA2B175;1204EAF0-6463-3F6B-D966-BF36601B554C;888AD73A-128F-D65A-B6F4-024D69F32F5A
Charged;20603;6F37C05C-B444-8C65-38BB-B0F3705C2A96;A028446E-033F-442B-D3A2-15C872CC688C;94A3FE0A-FFD4-EB82-F276-BFE8C366FC73
Created;68013;A73FD2A1-7D8E-2569-5836-2436E3D577D1;D2F5E50B-0073-2BA6-530D-AFEFA12EBABD;0D570D36-0CEA-C53E-9B46-2E98EBEF6A59
Charged;21067;FE1CBC70-76D5-A3AA-EFC9-2D13D5543314;E9B46444-EC45-7532-3EDD-74EDB03C5AD1;1B8CB59E-99B6-504C-BB69-9144B55511D2
Created;27321;773006FB-BEBA-A474-20D8-5FC6863A58FE;1837F751-2690-8166-6E57-1B8F943C938E;BD85576E-F254-6DFB-7FBD-F16A07DA69C7
Created;26632;91530F1B-7EE6-2822-663D-130F49547326;A0305204-D179-5E08-BB95-06792955E16F;21AB9189-DD8A-3D01-2AD5-816B02F14C9F
Charged;69020;C05969BD-DB76-1801-DFE0-664317C83878;33957061-2707-A5D7-F148-FC41013754A8;4ECAD38C-16ED-D6BD-04B1-87BB7D39CA88
Completed;77437;31032494-DFEE-B72B-4535-F7A1926DEFA6;AE523DA9-5D2C-E0BB-0ACF-78120B6DA9ED;EE4ADBB8-EDE2-8CB4-8DBD-B4D4436E2CE4
Completed;30998;52971B53-F846-CD72-B49C-34353DDC241C;3AAEB10B-68C4-57E8-B9F7-8392C437120A;CFFF8949-1A3B-B849-A616-B60A7C3FC2BA
Completed;82615;267D893E-6345-046F-1488-20DEB57DC231;2CA50442-BF27-7236-DF6B-5CCAF45A9725;97EC22EB-73ED-3AE9-98D2-CD97ED5C5BFE
Completed;38887;E67B5245-FAC3-6F4A-8BD4-D39FEB0E4C6F;E5794EA6-031F-0011-7AB8-ADA570CCAE5C;3744AC32-2A96-F65F-A678-9953A68AD97F
Completed;79447;38AC1E8B-C940-38AE-C747-38D4BF9DC4BA;0EDBEB1D-D9ED-5CD1-5DE2-E51FDBDB0753;790D083E-10E2-3F75-3200-BC9B4934825C
Completed;58379;69A2574F-8FE6-6142-71EB-7F83B9025A65;9826D4F9-96CE-28C4-EA7B-EB094CDDC020;F245B354-1191-AE31-8E18-0DE593F61001
Completed;47584;504BB5E3-57EC-0077-29D8-D9021719FBF2;BD1675EA-D694-673C-B757-F4F7F20B5211;F165AAA3-6C34-F9EE-1018-6C3BB912AE65
Created;77630;41DAE452-FE0A-36B6-3456-E9B8809B03FE;95862B40-0609-F472-4C69-B25AE2BE021F;819E51B4-80B2-99FB-58D0-3AC6F53FD3B1
Completed;93209;39970B26-D293-8FB0-A871-56C360DC70EE;0D43B8E9-E375-87B6-623A-449914FF0E50;1EB13F28-786E-3222-1736-AF4447F82CC6
Completed;68284;51BEA7F4-5B2B-DB7E-90E0-45ADEA30E259;CA91C11A-6F4E-2013-7924-6641736B5E29;EF1688E0-F579-A18B-0572-022C6FA24D5F
Charged;35397;D65ECC8D-3777-460B-8365-CF222F1E4CDE;A5C921D1-1810-F8AB-D7C1-3920F4DD021E;410F87E5-2068-7F2D-6D2D-DD82A9204D73
Completed;89499;08CCB1DA-100F-246C-A5AE-20EDF668EB5F;A0A96392-A3CF-4D3C-01B0-56AFECFAEB79;38D25E69-BFB6-DEB7-6E39-5C8B63944F93
Charged;21536;6986B1F2-0D86-9730-5119-F41A1FB4D721;95FE3FF7-794E-3B6A-76B5-5D906467DBE7;ABDF917D-9B0C-0A2B-A3DB-EEBF830D626D
Charged;10231;2C7E2226-2732-C3EF-A754-179DB10AC893;F3044184-260A-A7B0-DE50-3A81A49B4881;7807EBD6-CD6D-FDA1-D38F-9A4934ECEC4C
Charged;58664;5446F429-A7A6-6083-9527-5B8E8FF08E87;44C26453-036F-ABBF-DF88-934BAD0D27E7;802CEF92-5227-8A2D-4515-B239D9E7EBA8
Created;8556;341E1719-F045-30AA-6CA8-E6D7906F2CAF;166C8620-770C-E5E5-5FF3-DE1FFDE81F56;D0329CD3-AED9-93B1-9024-96CAD586CEE6
Created;67246;86C4CC9E-E8DE-C286-1F03-E51D4C3C93FC;433170AD-E33C-29ED-C002-3D00823649F7;2371E40A-FA9D-3305-4A6F-3C216474A892
Charged;11389;0ACCB990-70BA-5341-B901-263588793357;932FF417-611F-2D92-ADB7-059266CDB8C5;9C02435C-5D92-2346-EBE9-6D5F333444F2
Charged;34573;AF7B96CE-4F0D-59AD-79BA-A5A749A22BF3;EFA65762-595A-4CAF-A4A3-EAD16132EC71;48F13618-B0A2-61D1-56B9-7490B38B17DD
Completed;61690;4B153A97-979E-4967-6432-B4F31F646E74;108034D6-0CB9-5520-316A-2BEC690C0ACB;1CC58B48-208F-12C3-04BC-3978793359F1
Created;27229;25797F1B-472A-46CE-923C-7BE3C5AAB07D;A7EBF6D5-0679-CA9A-2B4A-CCEA6D94FF45;45CE65BD-44BD-F231-1F9D-9CB8C0F6F698
Charged;75337;BCE15480-7026-B018-AA73-53138B8C0D85;04CB459A-125E-363B-AC19-37043F5257AB;EC99CB2B-9EDA-5FBC-361A-93DDC9C08F00
Charged;65568;7E0BBB87-A63B-C4C0-FFC9-A01624019202;8B1333A7-765B-B39E-FB84-A7E160C08126;C8E32E13-90B5-F9CE-5AAB-C87CBBCB09EC
Charged;17382;55689E1A-9C69-94E2-2D66-A79AB5C2B624;7D131C51-BAF4-C4EC-8038-D64C59AB4063;2F30B779-CFA9-341E-C67A-82A1E49023CA
Charged;58442;1F949BBC-1B7D-1B38-D5A4-4AC2A21C8593;84FD3D75-3A43-F487-0C8C-B87D0BD32D52;3C4F28D4-E7C9-E39B-CC94-A7CEFAF4E0F0
Completed;20787;CF48470A-649E-56B2-8332-4F76927749E8;06A96968-DCCC-634A-3ACA-02AD7AC5B588;790788B4-7AF3-81AE-442A-D522B170E850
Completed;33785;45EE6FC5-F4B2-CA5B-4C15-F0B68A7304FB;AB691A1A-4A26-FEDC-FB0B-5F1EBF249DB7;A707A60A-01C0-F582-6559-CD8D9F407BCC
Created;26919;F6969D6E-6868-7056-6A2F-158975853E3C;FB86350F-03E4-B79E-C3A9-863463195975;8807E58F-82DD-0AAA-B52A-69C37C50E20D
Completed;55490;D2099BB0-A929-1CFF-4AD2-11C53D80421C;522DFCEA-31CE-6038-1464-20325A032DC2;9B4A6598-163D-6E3E-76C1-A30BEE30316A
Created;50506;A0A294D5-0E81-C0C3-9704-9201815CD953;7DC6E950-4AC4-CB5C-9547-095C23DD00B2;064658B6-13E1-AB55-98AC-EAD4DBEEBE62
Completed;19431;6D9CEFF9-D97E-509C-062E-46AA639C0BB2;FA77C40F-9235-D242-5D47-A3B5007ECCEA;D0230BB4-35F0-2F79-A393-14D9AFA6F4A4
Charged;52924;FEEAE374-5D61-5EB1-8A59-297011B61C39;EF0BD702-B2B7-BAEF-EF37-4579137E3C4D;40A4F81A-1F8F-E18B-0380-FE310855F882
Charged;80399;AB8FB8C7-8149-4D22-1F4C-E2CCBA2AAA8A;5A71C717-5B54-6C84-9EDD-AB4FE766A335;6B5CB8DB-43FD-FA54-C0CC-3A3FFCEF298B
Charged;53467;64C4ECAC-18FE-ECC3-FA47-437C9902F5D1;9026BAA3-DAD9-5457-8D40-ACE83C08FFB5;08976E36-BE05-00D9-2067-42B3C5FCA4E3
Charged;71536;2C60C2B0-3269-45BB-AD09-ED352BD4489C;A73C2149-E2CD-9C41-A943-0DB964F003DD;346B403C-EA85-467C-A120-88A8679875AC
Created;4767;F2E53E84-7FD2-53E3-95BB-66638452C8E4;C3CE5474-9181-2C07-D760-AF1A289B6255;243978DE-69F4-DBC4-5448-005FAC121C41
Completed;66464;D8B7502E-5347-7930-32A0-C7D11B2316C5;252C7E60-4E22-CDA1-57E2-CAA6FB9D09D5;5278E73D-3107-E422-D11F-547463CD0D7C
Completed;42785;4ED8117D-9A1B-8DC1-C2D6-75F61D8A9CE2;4830B126-3746-C95E-0680-7B0B7AE184CA;F4DA7CD8-877C-94FE-6306-7A75FBC9DD24
Charged;8733;5729FC94-28EE-6EF7-7FE6-9446EEDA68E3;F11B5D04-4FC0-0819-DC10-2AF3E84CE9DF;3700A4A6-EEF9-BB54-C013-B551F9733D26
Charged;72609;881710A4-1B20-CE7A-729B-E3577280CE3E;CD395344-1753-042B-9E12-34DFF09C0D70;ACDE34F3-07F0-0101-2DA0-E46006BF9638
Completed;23935;32CDED73-1314-B857-4398-2C1A44E9BDCE;30DBC714-C8EB-87C1-9DE1-E4A3D3A450F4;9C258413-58DB-8BC2-18DD-590C98239376
Created;203;3AB80332-E853-222C-AB1F-243A26F1C4FC;AFAE0F3A-15AB-F549-076A-A2CCE1757E95;20243341-67DF-1DC7-FFAE-421DF4C01955
Created;68014;EEDD5790-CECE-3E6A-AF6D-EEC3366D9446;813CA6AD-0756-5100-B00B-F5EA69FEFB87;9C4F4542-234F-8DB6-9A45-F152DFF9BA13
Created;9244;D0404F97-1B50-95B0-783B-F89BEFA69AF5;7C92EECD-78B2-C034-1C28-8B1700F20A50;1B9A89D1-AA59-10A7-9863-2C8EA8DFB382
Charged;11288;4954BDA6-277A-8FE5-AFC4-FBAAA6AA56AE;40E4C6A8-B2A8-7C8D-66E5-0E3F755ED678;651DB637-6691-DE85-A23F-3FF55D50A56D
Charged;60914;2BFD8EB9-A9F4-FFBE-40D1-A79BEF63E569;76F49AAE-C8F5-D2DA-16F8-D4ED9A333F09;05AEDBD8-ECC5-83A5-4856-9763FDE34A4B
Created;61452;A4C173E0-919A-5104-4CC1-4ABB8A032EDA;29941C99-A12C-B691-8A58-3809EE20E254;88ABBF39-598D-44DD-EC21-E4ABA0E67690
Completed;61556;45A30878-5C77-D8F7-CFFB-6F2E5189B400;CB77C7B3-1CD3-BE89-9D9E-6C3A14DB400F;ED83D20B-92FE-558E-5FFA-42C35D76B660
Charged;30237;0A968427-2976-978A-A654-E5A723C04FEF;B361C283-0074-17E1-06C4-28F36225349E;03245DE2-91F8-1204-4A4F-E3181FEC2989
Completed;91176;AF7842A5-BEF3-DE05-DAD8-018ADDC1D243;5FA7FD7B-ED69-2300-3961-38B63D64F59C;F15CF7FC-CBE0-5500-5D89-06D328E7EE63
Created;77602;E62C06A8-36D6-6C9E-0B1A-138929626A32;667203A9-6B93-18DA-5266-EDB5973428BB;C4F987DE-5626-7A55-605A-B7B900280E70
Completed;17356;E360F841-2CCD-6100-763E-1CAA31622C43;FCC2A1EA-E3EC-144A-9526-79B08FEA7824;FBC53412-72AB-BABC-A80A-F1DF45022ED8
Created;78563;FA8FBBF4-472F-E648-DB61-3E5E06B15542;7D0D2100-105F-89FE-57B5-1BADB175305D;AA260252-D1D5-E83D-F0BA-7E2A88672D4A
Completed;5377;858959AF-85FB-AC34-F7B4-0BEA84FAB1F2;98B68768-10CB-ADEC-4E41-93B13932DF14;DB50D6B2-D96F-998E-7C74-2FDFFC36BCF5
Created;39075;2CBA8022-4836-285D-5BEC-0F9C14C8FBE4;DDA55877-BBDF-ACA5-3A6A-DA7F1D2321C4;16FDDFC1-2091-E901-6464-DE187CF96FCF
Charged;4315;C960CE52-A46A-0970-7FE5-0D3BFFBD53B9;69ED7912-84CB-81F8-B56F-64F26991C5AF;B64D1D12-B658-FB71-0FFB-44D12E80BE33
Charged;54963;9C28FEE4-F3E9-5CD9-07D7-B08CD850593E;C8EFCB5A-B61D-C4F3-38A2-0BC939972D17;F79A15FA-DA33-0A01-F6CC-4ECA2597DBCD
Charged;88007;5301BF72-11B8-A1D5-5135-3DCF115C5744;6E1FED7B-F2C0-8AD7-FDD4-B49BF517703F;8E823DAA-88E2-5BEE-BFC1-DF0F5EDFD808
Completed;57119;DCBE511A-8FD3-05BC-960C-63FE2524F996;41F33EBB-5E7F-28E4-ECD2-404C9223D8EE;5B0D0A33-01F5-8BD8-DAD1-B2963E693DB9
Completed;28786;BF12915A-0D5B-177E-03E8-9E6533D42FD8;2DFCA498-0E43-CCB5-B9FE-DF6BBD2ED3C1;3B010D1C-B7F2-3F20-2FD1-B3900A24EEE2
Charged;95341;81EF9025-1288-369D-68CD-70F613602232;0B6C970A-1E3D-0214-DF43-07C155DE4019;B95DE1AC-63F6-F78A-674C-39319F4DC151
Completed;8002;C0E031EF-5FB8-2727-921D-E5E562EE02FE;936033EF-04FE-6C04-44A6-B5B9B5198DBD;BB821ACB-21C0-2D6F-7144-3634D1CE265F
Charged;2592;E4F9FB7E-B20C-6F74-B420-B4913048234C;0536DE58-82C3-A9DB-A25E-293527A00254;228A58E8-49D4-4A6C-E12D-4C063CB32822
Created;71003;9428AA80-6E5C-DC79-665D-F58521C00DC0;4F21FE4F-80FF-9CFA-6828-175D30FFDB7F;164F7F0C-421A-A917-53C2-AF402B98859F
Created;78835;22211AE7-B8D0-66A7-6AFB-0DBB808B97A6;87409FB0-4310-E3AA-02C1-315C38538F61;4D1E44C4-6E40-F8DC-2501-AD07A9EB635C
Completed;22832;385A03BC-AA5D-1054-259E-3799A881FD4D;519B2AC6-11DF-33BA-E908-FAF2579D85D8;3BC5E0F2-C752-8A7B-2D03-B7F7566AD6B8
Charged;27618;D0A99669-0D73-550C-0EDA-744C347A141F;5B882FD5-547F-E55C-F2FB-7D2948381776;EB22ECE6-E3D3-A3B4-8E8E-16AD0144FCBE
Created;99751;6012CAF7-C451-2F1E-5684-92F854DDF400;F6762D93-89D3-BD7D-BD89-2129912C2969;81A210FD-5A9F-7BB4-FE16-250F56E8E63F
Completed;19023;2A4AEE55-0998-504F-4E0D-96A76B372646;E4C1C100-9FA7-6E98-63FC-8938EBC01DC9;D208F48D-7A87-9544-A7FE-AC0CF74C3F29
Charged;57008;84E2A00C-381B-D867-B488-7FFCA8136F2B;D26B2B19-2DEB-2055-AA3E-8D486863FE20;8C86DCFD-AD37-442E-8207-077B5E16191B
Created;89891;BAD910E4-867C-1C8F-CD9A-0532CC8C3333;2173D063-DA8F-C06A-272F-C554D30E3A1C;5932E693-2F18-BD28-3023-6064DC1FE9B9
Created;71057;A3B4AFFB-9B8B-FE3C-65C0-8CCD076AF47D;414853E3-A412-319D-14BF-ED05BCFAD28B;26D9BFB2-8594-97FC-8E6F-E2BEF3C52DF9
Created;16727;DBE18D8E-C767-E842-333A-0498FD9A8069;987D5468-82C7-08BC-7CD1-250C5E3684B2;BE5C4632-F8B8-CC5F-7883-952BE64523C1
Charged;84181;95FDCBE9-35FA-66A5-9875-9F09CEBA1605;CC9E05DD-7A55-E0F5-F714-83E772DEDFA0;AE455112-0A00-DFAE-B248-BB542027B5AB